campaign_id,campaign_name,platform,sku_id,date,spend,impressions,clicks,conversions,revenue
CAMP-001,Furniture Retargeting (A),Meta,SKU-202,2026-09-07,5877.11,781733,11726,234,116997.66
CAMP-001,Furniture Retargeting (A),Meta,SKU-202,2026-09-08,5960.66,644470,9564,189,94498.11
CAMP-001,Furniture Retargeting (A),Meta,SKU-202,2026-09-09,5026.65,389907,5724,112,55998.88
CAMP-001,Furniture Retargeting (A),Meta,SKU-202,2026-09-10,4176.82,162248,2356,45,22499.55
CAMP-001,Furniture Retargeting (A),Meta,SKU-202,2026-09-11,4690.17,299688,4304,82,40999.18
CAMP-001,Furniture Retargeting (A),Meta,SKU-202,2026-09-12,5436.91,271219,3852,72,35999.28
CAMP-001,Furniture Retargeting (A),Meta,SKU-202,2026-09-13,5146.3,166837,2343,43,21499.57
CAMP-001,Furniture Retargeting (A),Meta,SKU-202,2026-09-14,4137.84,433204,6015,111,55498.89
CAMP-001,Furniture Retargeting (A),Meta,SKU-202,2026-09-15,4439.02,145413,1996,36,17999.64
CAMP-001,Furniture Retargeting (A),Meta,SKU-202,2026-09-16,4808.76,186024,2524,45,22499.55
CAMP-001,Furniture Retargeting (A),Meta,SKU-202,2026-09-17,5916.34,230872,3096,55,27499.45
CAMP-001,Furniture Retargeting (A),Meta,SKU-202,2026-09-18,4959.56,230604,3056,53,26499.47
CAMP-001,Furniture Retargeting (A),Meta,SKU-202,2026-09-19,4069.73,140518,1840,32,15999.68
CAMP-001,Furniture Retargeting (A),Meta,SKU-202,2026-09-20,4490.57,387573,5014,86,42999.14
CAMP-001,Furniture Retargeting (A),Meta,SKU-202,2026-09-21,5125.5,269335,3442,58,28999.42
CAMP-001,Furniture Retargeting (A),Meta,SKU-202,2026-09-22,4082.37,171836,2169,36,17999.64
CAMP-001,Furniture Retargeting (A),Meta,SKU-202,2026-09-23,5084.96,259674,3237,53,26499.47
CAMP-001,Furniture Retargeting (A),Meta,SKU-202,2026-09-24,4474.06,332361,4091,67,33499.33
CAMP-001,Furniture Retargeting (A),Meta,SKU-202,2026-09-25,5201.22,172229,2093,33,16499.67
CAMP-001,Furniture Retargeting (A),Meta,SKU-202,2026-09-26,4029.33,184726,2216,35,17499.65
CAMP-001,Furniture Retargeting (A),Meta,SKU-202,2026-09-27,5161.86,515371,6102,96,47999.04
CAMP-001,Furniture Retargeting (A),Meta,SKU-202,2026-09-28,4818.96,269340,3147,49,24499.51
CAMP-001,Furniture Retargeting (A),Meta,SKU-202,2026-09-29,4307.58,327191,3772,57,28499.43
CAMP-001,Furniture Retargeting (A),Meta,SKU-202,2026-09-30,4708.47,232306,2642,40,19999.6
CAMP-001,Furniture Retargeting (A),Meta,SKU-202,2026-10-01,5860.64,424244,4759,71,35499.29
CAMP-001,Furniture Retargeting (A),Meta,SKU-202,2026-10-02,5758.54,413920,4579,67,33499.33
CAMP-001,Furniture Retargeting (A),Meta,SKU-202,2026-10-03,4058.14,345905,3773,54,26999.46
CAMP-001,Furniture Retargeting (A),Meta,SKU-202,2026-10-04,4451.08,267927,2881,41,20499.59
CAMP-001,Furniture Retargeting (A),Meta,SKU-202,2026-10-05,4255.98,150116,1591,22,10999.78
CAMP-001,Furniture Retargeting (A),Meta,SKU-202,2026-10-06,4807.96,236209,2467,34,16999.66
CAMP-001,Furniture Retargeting (A),Meta,SKU-202,2026-10-07,5105.03,515743,5307,72,35999.28
CAMP-002,Earbuds Prospecting (B),Google,SKU-101,2026-09-07,2175.26,64133,1924,96,14399.04
CAMP-002,Earbuds Prospecting (B),Google,SKU-101,2026-09-08,2294.84,127142,3869,196,29398.04
CAMP-002,Earbuds Prospecting (B),Google,SKU-101,2026-09-09,1788.03,33601,1037,53,7949.47
CAMP-002,Earbuds Prospecting (B),Google,SKU-101,2026-09-10,1647.58,106411,3330,173,25948.27
CAMP-002,Earbuds Prospecting (B),Google,SKU-101,2026-09-11,1679.89,35490,1126,59,8849.41
CAMP-002,Earbuds Prospecting (B),Google,SKU-101,2026-09-12,2180.5,49036,1577,84,12599.16
CAMP-002,Earbuds Prospecting (B),Google,SKU-101,2026-09-13,1803.06,66330,2162,117,17548.83
CAMP-002,Earbuds Prospecting (B),Google,SKU-101,2026-09-14,2166.79,90736,2997,164,24598.36
CAMP-002,Earbuds Prospecting (B),Google,SKU-101,2026-09-15,1763.22,37560,1257,70,10499.3
CAMP-002,Earbuds Prospecting (B),Google,SKU-101,2026-09-16,2042.7,72620,2462,139,20848.61
CAMP-002,Earbuds Prospecting (B),Google,SKU-101,2026-09-17,1880.16,38672,1328,76,11399.24
CAMP-002,Earbuds Prospecting (B),Google,SKU-101,2026-09-18,2346.86,42756,1487,86,12899.14
CAMP-002,Earbuds Prospecting (B),Google,SKU-101,2026-09-19,2093.05,74281,2616,153,22948.47
CAMP-002,Earbuds Prospecting (B),Google,SKU-101,2026-09-20,2208.34,53396,1904,113,16948.87
CAMP-002,Earbuds Prospecting (B),Google,SKU-101,2026-09-21,1988.65,89948,3247,195,29248.05
CAMP-002,Earbuds Prospecting (B),Google,SKU-101,2026-09-22,1770.96,47646,1741,106,15898.94
CAMP-002,Earbuds Prospecting (B),Google,SKU-101,2026-09-23,1830.27,86554,3201,197,29548.03
CAMP-002,Earbuds Prospecting (B),Google,SKU-101,2026-09-24,1965.95,54080,2024,126,18898.74
CAMP-002,Earbuds Prospecting (B),Google,SKU-101,2026-09-25,1864.31,40401,1530,96,14399.04
CAMP-002,Earbuds Prospecting (B),Google,SKU-101,2026-09-26,2195.79,58646,2247,143,21448.57
CAMP-002,Earbuds Prospecting (B),Google,SKU-101,2026-09-27,2146.12,74845,2901,187,28048.13
CAMP-002,Earbuds Prospecting (B),Google,SKU-101,2026-09-28,2073.78,39636,1554,101,15148.99
CAMP-002,Earbuds Prospecting (B),Google,SKU-101,2026-09-29,1669.69,40072,1589,105,15748.95
CAMP-002,Earbuds Prospecting (B),Google,SKU-101,2026-09-30,2169.42,34562,1386,92,13799.08
CAMP-002,Earbuds Prospecting (B),Google,SKU-101,2026-10-01,2012.24,90381,3665,247,37047.53
CAMP-002,Earbuds Prospecting (B),Google,SKU-101,2026-10-02,2164.39,81073,3324,227,34047.73
CAMP-002,Earbuds Prospecting (B),Google,SKU-101,2026-10-03,2378.23,35126,1456,100,14999.0
CAMP-002,Earbuds Prospecting (B),Google,SKU-101,2026-10-04,2090.95,72908,3055,213,31947.87
CAMP-002,Earbuds Prospecting (B),Google,SKU-101,2026-10-05,1831.55,43585,1846,130,19498.7
CAMP-002,Earbuds Prospecting (B),Google,SKU-101,2026-10-06,2244.37,64476,2760,196,29398.04
CAMP-002,Earbuds Prospecting (B),Google,SKU-101,2026-10-07,1910.9,99329,4297,309,46346.91
CAMP-003,Dumbbells Search (C),Google,SKU-302,2026-09-07,3382.5,125250,5010,400,79996.0
CAMP-003,Dumbbells Search (C),Google,SKU-302,2026-09-08,3420.52,76199,3049,244,48797.56
CAMP-003,Dumbbells Search (C),Google,SKU-302,2026-09-09,3425.11,51140,2047,163,32598.37
CAMP-003,Dumbbells Search (C),Google,SKU-302,2026-09-10,3220.12,52697,2110,168,33598.32
CAMP-003,Dumbbells Search (C),Google,SKU-302,2026-09-11,3124.49,118566,4749,380,75996.2
CAMP-003,Dumbbells Search (C),Google,SKU-302,2026-09-12,3273.82,82836,3319,265,52997.35
CAMP-003,Dumbbells Search (C),Google,SKU-302,2026-09-13,3226.8,59605,2389,191,38198.09
CAMP-003,Dumbbells Search (C),Google,SKU-302,2026-09-14,3320.05,42351,1698,136,27198.64
CAMP-003,Dumbbells Search (C),Google,SKU-302,2026-09-15,3146.3,40167,1611,129,25798.71
CAMP-003,Dumbbells Search (C),Google,SKU-302,2026-09-16,2982.16,37886,1520,121,24198.79
CAMP-003,Dumbbells Search (C),Google,SKU-302,2026-09-17,2596.27,56063,2250,180,35998.2
CAMP-003,Dumbbells Search (C),Google,SKU-302,2026-09-18,3330.19,48621,1952,156,31198.44
CAMP-003,Dumbbells Search (C),Google,SKU-302,2026-09-19,3456.3,44322,1780,142,28398.58
CAMP-003,Dumbbells Search (C),Google,SKU-302,2026-09-20,3079.88,39578,1590,127,25398.73
CAMP-003,Dumbbells Search (C),Google,SKU-302,2026-09-21,3317.09,63030,2533,203,40597.97
CAMP-003,Dumbbells Search (C),Google,SKU-302,2026-09-22,3024.0,44701,1797,144,28798.56
CAMP-003,Dumbbells Search (C),Google,SKU-302,2026-09-23,3204.38,54434,2189,176,35198.24
CAMP-003,Dumbbells Search (C),Google,SKU-302,2026-09-24,2681.17,48699,1959,157,31398.43
CAMP-003,Dumbbells Search (C),Google,SKU-302,2026-09-25,3320.31,73384,2953,237,47397.63
CAMP-003,Dumbbells Search (C),Google,SKU-302,2026-09-26,2906.97,42977,1730,139,27798.61
CAMP-003,Dumbbells Search (C),Google,SKU-302,2026-09-27,3024.26,48625,1958,157,31398.43
CAMP-003,Dumbbells Search (C),Google,SKU-302,2026-09-28,3087.63,143098,5764,464,92795.36
CAMP-003,Dumbbells Search (C),Google,SKU-302,2026-09-29,3322.74,53780,2167,174,34798.26
CAMP-003,Dumbbells Search (C),Google,SKU-302,2026-09-30,3112.56,95071,3832,308,61596.92
CAMP-003,Dumbbells Search (C),Google,SKU-302,2026-10-01,3485.2,124950,5038,406,81195.94
CAMP-003,Dumbbells Search (C),Google,SKU-302,2026-10-02,3087.43,69421,2800,225,44997.75
CAMP-003,Dumbbells Search (C),Google,SKU-302,2026-10-03,3261.93,90094,3635,293,58597.07
CAMP-003,Dumbbells Search (C),Google,SKU-302,2026-10-04,3524.41,104286,4209,339,67796.61
CAMP-003,Dumbbells Search (C),Google,SKU-302,2026-10-05,3548.16,120252,4855,392,78396.08
CAMP-003,Dumbbells Search (C),Google,SKU-302,2026-10-06,3525.49,67448,2724,220,43997.8
CAMP-003,Dumbbells Search (C),Google,SKU-302,2026-10-07,2477.64,38292,1547,124,24798.76
CAMP-004,Desk Promo TikTok (D),TikTok,SKU-202,2026-09-07,863.86,63640,1591,63,31499.37
CAMP-004,Desk Promo TikTok (D),TikTok,SKU-202,2026-09-08,913.67,26276,658,26,12999.74
CAMP-004,Desk Promo TikTok (D),TikTok,SKU-202,2026-09-09,1078.99,74352,1865,74,36999.26
CAMP-004,Desk Promo TikTok (D),TikTok,SKU-202,2026-09-10,830.56,51343,1290,51,25499.49
CAMP-004,Desk Promo TikTok (D),TikTok,SKU-202,2026-09-11,909.22,19390,488,19,9499.81
CAMP-004,Desk Promo TikTok (D),TikTok,SKU-202,2026-09-12,1126.73,35028,883,35,17499.65
CAMP-004,Desk Promo TikTok (D),TikTok,SKU-202,2026-09-13,1161.56,81188,2050,82,40999.18
CAMP-004,Desk Promo TikTok (D),TikTok,SKU-202,2026-09-14,834.7,48830,1235,49,24499.51
CAMP-004,Desk Promo TikTok (D),TikTok,SKU-202,2026-09-15,1039.38,51118,1295,52,25999.48
CAMP-004,Desk Promo TikTok (D),TikTok,SKU-202,2026-09-16,986.11,26167,664,26,12999.74
CAMP-004,Desk Promo TikTok (D),TikTok,SKU-202,2026-09-17,900.08,22308,567,23,11499.77
CAMP-004,Desk Promo TikTok (D),TikTok,SKU-202,2026-09-18,921.08,29420,749,30,14999.7
CAMP-004,Desk Promo TikTok (D),TikTok,SKU-202,2026-09-19,1024.37,48000,1224,49,24499.51
CAMP-004,Desk Promo TikTok (D),TikTok,SKU-202,2026-09-20,984.38,24626,629,25,12499.75
CAMP-004,Desk Promo TikTok (D),TikTok,SKU-202,2026-09-21,1020.36,35726,914,37,18499.63
CAMP-004,Desk Promo TikTok (D),TikTok,SKU-202,2026-09-22,1132.75,68682,1760,72,35999.28
CAMP-004,Desk Promo TikTok (D),TikTok,SKU-202,2026-09-23,976.35,20727,532,21,10499.79
CAMP-004,Desk Promo TikTok (D),TikTok,SKU-202,2026-09-24,903.75,25594,658,27,13499.73
CAMP-004,Desk Promo TikTok (D),TikTok,SKU-202,2026-09-25,1038.75,21359,550,22,10999.78
CAMP-004,Desk Promo TikTok (D),TikTok,SKU-202,2026-09-26,1072.02,37415,965,39,19499.61
CAMP-004,Desk Promo TikTok (D),TikTok,SKU-202,2026-09-27,857.54,26438,683,28,13999.72
CAMP-004,Desk Promo TikTok (D),TikTok,SKU-202,2026-09-28,1152.52,33198,859,35,17499.65
CAMP-004,Desk Promo TikTok (D),TikTok,SKU-202,2026-09-29,861.58,17826,462,19,9499.81
CAMP-004,Desk Promo TikTok (D),TikTok,SKU-202,2026-09-30,1058.05,40642,1055,43,21499.57
CAMP-004,Desk Promo TikTok (D),TikTok,SKU-202,2026-10-01,1056.1,20423,531,22,10999.78
CAMP-004,Desk Promo TikTok (D),TikTok,SKU-202,2026-10-02,872.63,17203,448,18,8999.82
CAMP-004,Desk Promo TikTok (D),TikTok,SKU-202,2026-10-03,1133.28,76523,1996,83,41499.17
CAMP-004,Desk Promo TikTok (D),TikTok,SKU-202,2026-10-04,1112.84,32765,856,35,17499.65
CAMP-004,Desk Promo TikTok (D),TikTok,SKU-202,2026-10-05,1136.84,31222,817,34,16999.66
CAMP-004,Desk Promo TikTok (D),TikTok,SKU-202,2026-10-06,954.22,19001,498,20,9999.8
CAMP-004,Desk Promo TikTok (D),TikTok,SKU-202,2026-10-07,1047.32,57257,1503,63,31499.37
CAMP-005,Fitness Broad,Meta,SKU-301,2026-09-07,1350.2,100500,2010,60,3599.4
CAMP-005,Fitness Broad,Meta,SKU-301,2026-09-08,1755.95,59400,1188,35,2099.65
CAMP-005,Fitness Broad,Meta,SKU-301,2026-09-09,1733.01,53000,1060,31,1859.69
CAMP-005,Fitness Broad,Meta,SKU-301,2026-09-10,1465.08,45350,907,27,1619.73
CAMP-005,Fitness Broad,Meta,SKU-301,2026-09-11,1636.65,53650,1073,32,1919.68
CAMP-005,Fitness Broad,Meta,SKU-301,2026-09-12,1617.52,65650,1313,39,2339.61
CAMP-005,Fitness Broad,Meta,SKU-301,2026-09-13,1484.79,55500,1110,33,1979.67
CAMP-005,Fitness Broad,Meta,SKU-301,2026-09-14,1753.53,140900,2818,84,5039.16
CAMP-005,Fitness Broad,Meta,SKU-301,2026-09-15,1527.18,67300,1346,40,2399.6
CAMP-005,Fitness Broad,Meta,SKU-301,2026-09-16,1437.56,37200,744,22,1319.78
CAMP-005,Fitness Broad,Meta,SKU-301,2026-09-17,1344.97,43700,874,26,1559.74
CAMP-005,Fitness Broad,Meta,SKU-301,2026-09-18,1327.88,36300,726,21,1259.79
CAMP-005,Fitness Broad,Meta,SKU-301,2026-09-19,1213.3,80800,1616,48,2879.52
CAMP-005,Fitness Broad,Meta,SKU-301,2026-09-20,1339.8,60950,1219,36,2159.64
CAMP-005,Fitness Broad,Meta,SKU-301,2026-09-21,1720.51,79050,1581,47,2819.53
CAMP-005,Fitness Broad,Meta,SKU-301,2026-09-22,1256.68,79900,1598,47,2819.53
CAMP-005,Fitness Broad,Meta,SKU-301,2026-09-23,1673.26,70600,1412,42,2519.58
CAMP-005,Fitness Broad,Meta,SKU-301,2026-09-24,1260.01,51450,1029,30,1799.7
CAMP-005,Fitness Broad,Meta,SKU-301,2026-09-25,1583.37,65100,1302,39,2339.61
CAMP-005,Fitness Broad,Meta,SKU-301,2026-09-26,1363.06,61800,1236,37,2219.63
CAMP-005,Fitness Broad,Meta,SKU-301,2026-09-27,1373.63,48300,966,28,1679.72
CAMP-005,Fitness Broad,Meta,SKU-301,2026-09-28,1302.97,34300,686,20,1199.8
CAMP-005,Fitness Broad,Meta,SKU-301,2026-09-29,1409.21,91550,1831,54,3239.46
CAMP-005,Fitness Broad,Meta,SKU-301,2026-09-30,1568.79,43400,868,26,1559.74
CAMP-005,Fitness Broad,Meta,SKU-301,2026-10-01,1279.25,37150,743,22,1319.78
CAMP-005,Fitness Broad,Meta,SKU-301,2026-10-02,1367.22,52750,1055,31,1859.69
CAMP-005,Fitness Broad,Meta,SKU-301,2026-10-03,1678.42,78250,1565,46,2759.54
CAMP-005,Fitness Broad,Meta,SKU-301,2026-10-04,1793.43,156850,3137,94,5639.06
CAMP-005,Fitness Broad,Meta,SKU-301,2026-10-05,1591.74,53400,1068,32,1919.68
CAMP-005,Fitness Broad,Meta,SKU-301,2026-10-06,1416.53,40900,818,24,1439.76
CAMP-005,Fitness Broad,Meta,SKU-301,2026-10-07,1373.36,95950,1919,57,3419.43
CAMP-006,Health Search,Google,SKU-501,2026-09-07,643.88,18400,920,55,2199.45
CAMP-006,Health Search,Google,SKU-501,2026-09-08,918.6,20346,1017,60,2399.4
CAMP-006,Health Search,Google,SKU-501,2026-09-09,850.7,12108,605,36,1439.64
CAMP-006,Health Search,Google,SKU-501,2026-09-10,864.49,15995,799,47,1879.53
CAMP-006,Health Search,Google,SKU-501,2026-09-11,773.62,10333,516,30,1199.7
CAMP-006,Health Search,Google,SKU-501,2026-09-12,786.19,22497,1123,67,2679.33
CAMP-006,Health Search,Google,SKU-501,2026-09-13,762.9,10801,539,32,1279.68
CAMP-006,Health Search,Google,SKU-501,2026-09-14,761.52,9482,473,28,1119.72
CAMP-006,Health Search,Google,SKU-501,2026-09-15,839.32,18910,943,56,2239.44
CAMP-006,Health Search,Google,SKU-501,2026-09-16,692.51,16690,832,49,1959.51
CAMP-006,Health Search,Google,SKU-501,2026-09-17,751.94,10795,538,32,1279.68
CAMP-006,Health Search,Google,SKU-501,2026-09-18,784.75,12325,614,36,1439.64
CAMP-006,Health Search,Google,SKU-501,2026-09-19,688.04,23514,1171,69,2759.31
CAMP-006,Health Search,Google,SKU-501,2026-09-20,892.09,11771,586,35,1399.65
CAMP-006,Health Search,Google,SKU-501,2026-09-21,796.44,12257,610,36,1439.64
CAMP-006,Health Search,Google,SKU-501,2026-09-22,929.0,30793,1532,91,3639.09
CAMP-006,Health Search,Google,SKU-501,2026-09-23,760.01,14497,721,43,1719.57
CAMP-006,Health Search,Google,SKU-501,2026-09-24,915.65,23151,1151,68,2719.32
CAMP-006,Health Search,Google,SKU-501,2026-09-25,847.11,22977,1142,68,2719.32
CAMP-006,Health Search,Google,SKU-501,2026-09-26,678.4,8393,417,24,959.76
CAMP-006,Health Search,Google,SKU-501,2026-09-27,733.41,15422,766,45,1799.55
CAMP-006,Health Search,Google,SKU-501,2026-09-28,733.73,15649,777,46,1839.54
CAMP-006,Health Search,Google,SKU-501,2026-09-29,720.92,19825,984,58,2319.42
CAMP-006,Health Search,Google,SKU-501,2026-09-30,792.7,13906,690,41,1639.59
CAMP-006,Health Search,Google,SKU-501,2026-10-01,859.96,12419,616,36,1439.64
CAMP-006,Health Search,Google,SKU-501,2026-10-02,656.95,9499,471,28,1119.72
CAMP-006,Health Search,Google,SKU-501,2026-10-03,761.24,14182,703,41,1639.59
CAMP-006,Health Search,Google,SKU-501,2026-10-04,813.65,8617,427,25,999.75
CAMP-006,Health Search,Google,SKU-501,2026-10-05,919.62,14818,734,43,1719.57
CAMP-006,Health Search,Google,SKU-501,2026-10-06,874.08,9128,452,26,1039.74
CAMP-006,Health Search,Google,SKU-501,2026-10-07,644.15,7858,389,23,919.77
CAMP-007,Vitamins Retargeting,Meta,SKU-502,2026-09-07,1233.4,80333,1446,57,1424.43
CAMP-007,Vitamins Retargeting,Meta,SKU-502,2026-09-08,1371.48,94270,1698,67,1674.33
CAMP-007,Vitamins Retargeting,Meta,SKU-502,2026-09-09,1249.13,87605,1579,63,1574.37
CAMP-007,Vitamins Retargeting,Meta,SKU-502,2026-09-10,1255.16,82168,1482,59,1474.41
CAMP-007,Vitamins Retargeting,Meta,SKU-502,2026-09-11,1401.54,67708,1222,49,1224.51
CAMP-007,Vitamins Retargeting,Meta,SKU-502,2026-09-12,1038.31,57419,1037,41,1024.59
CAMP-007,Vitamins Retargeting,Meta,SKU-502,2026-09-13,989.38,44322,801,32,799.68
CAMP-007,Vitamins Retargeting,Meta,SKU-502,2026-09-14,1064.74,102466,1853,74,1849.26
CAMP-007,Vitamins Retargeting,Meta,SKU-502,2026-09-15,1196.34,49734,900,36,899.64
CAMP-007,Vitamins Retargeting,Meta,SKU-502,2026-09-16,1087.34,31919,578,23,574.77
CAMP-007,Vitamins Retargeting,Meta,SKU-502,2026-09-17,1056.25,37196,674,27,674.73
CAMP-007,Vitamins Retargeting,Meta,SKU-502,2026-09-18,1241.23,40646,737,29,724.71
CAMP-007,Vitamins Retargeting,Meta,SKU-502,2026-09-19,1321.13,45138,819,33,824.67
CAMP-007,Vitamins Retargeting,Meta,SKU-502,2026-09-20,1263.54,60696,1102,44,1099.56
CAMP-007,Vitamins Retargeting,Meta,SKU-502,2026-09-21,1050.05,34676,630,25,624.75
CAMP-007,Vitamins Retargeting,Meta,SKU-502,2026-09-22,1372.71,102915,1871,75,1874.25
CAMP-007,Vitamins Retargeting,Meta,SKU-502,2026-09-23,974.53,56288,1024,41,1024.59
CAMP-007,Vitamins Retargeting,Meta,SKU-502,2026-09-24,1199.66,68061,1239,50,1249.5
CAMP-007,Vitamins Retargeting,Meta,SKU-502,2026-09-25,1327.13,93983,1712,69,1724.31
CAMP-007,Vitamins Retargeting,Meta,SKU-502,2026-09-26,1344.24,59798,1090,44,1099.56
CAMP-007,Vitamins Retargeting,Meta,SKU-502,2026-09-27,1419.39,89802,1638,66,1649.34
CAMP-007,Vitamins Retargeting,Meta,SKU-502,2026-09-28,1361.95,43995,803,32,799.68
CAMP-007,Vitamins Retargeting,Meta,SKU-502,2026-09-29,1220.11,37833,691,28,699.72
CAMP-007,Vitamins Retargeting,Meta,SKU-502,2026-09-30,1402.68,141278,2582,104,2598.96
CAMP-007,Vitamins Retargeting,Meta,SKU-502,2026-10-01,1020.86,89949,1645,66,1649.34
CAMP-007,Vitamins Retargeting,Meta,SKU-502,2026-10-02,1310.58,75300,1378,56,1399.44
CAMP-007,Vitamins Retargeting,Meta,SKU-502,2026-10-03,1235.78,41775,765,31,774.69
CAMP-007,Vitamins Retargeting,Meta,SKU-502,2026-10-04,1209.22,94029,1723,70,1749.3
CAMP-007,Vitamins Retargeting,Meta,SKU-502,2026-10-05,1203.96,51483,944,38,949.62
CAMP-007,Vitamins Retargeting,Meta,SKU-502,2026-10-06,1207.42,72378,1328,54,1349.46
CAMP-007,Vitamins Retargeting,Meta,SKU-502,2026-10-07,1285.58,39814,731,29,724.71
CAMP-008,Watch Launch,TikTok,SKU-401,2026-09-07,2672.48,43514,1523,38,7599.62
CAMP-008,Watch Launch,TikTok,SKU-401,2026-09-08,2646.26,56022,1966,49,9799.51
CAMP-008,Watch Launch,TikTok,SKU-401,2026-09-09,2951.04,56157,1976,49,9799.51
CAMP-008,Watch Launch,TikTok,SKU-401,2026-09-10,2083.27,40674,1435,36,7199.64
CAMP-008,Watch Launch,TikTok,SKU-401,2026-09-11,2242.82,50490,1786,45,8999.55
CAMP-008,Watch Launch,TikTok,SKU-401,2026-09-12,2561.45,41306,1465,37,7399.63
CAMP-008,Watch Launch,TikTok,SKU-401,2026-09-13,2491.84,54105,1924,48,9599.52
CAMP-008,Watch Launch,TikTok,SKU-401,2026-09-14,2621.95,37696,1344,34,6799.66
CAMP-008,Watch Launch,TikTok,SKU-401,2026-09-15,2472.36,67139,2400,61,12199.39
CAMP-008,Watch Launch,TikTok,SKU-401,2026-09-16,2969.77,46205,1656,42,8399.58
CAMP-008,Watch Launch,TikTok,SKU-401,2026-09-17,2946.81,86410,3105,79,15799.21
CAMP-008,Watch Launch,TikTok,SKU-401,2026-09-18,2945.53,77081,2777,71,14199.29
CAMP-008,Watch Launch,TikTok,SKU-401,2026-09-19,2492.08,78045,2819,72,14399.28
CAMP-008,Watch Launch,TikTok,SKU-401,2026-09-20,2349.8,53599,1941,50,9999.5
CAMP-008,Watch Launch,TikTok,SKU-401,2026-09-21,2800.76,44206,1605,41,8199.59
CAMP-008,Watch Launch,TikTok,SKU-401,2026-09-22,2900.68,52197,1900,49,9799.51
CAMP-008,Watch Launch,TikTok,SKU-401,2026-09-23,2948.24,71054,2593,67,13399.33
CAMP-008,Watch Launch,TikTok,SKU-401,2026-09-24,2895.46,42556,1557,40,7999.6
CAMP-008,Watch Launch,TikTok,SKU-401,2026-09-25,2946.4,44711,1640,42,8399.58
CAMP-008,Watch Launch,TikTok,SKU-401,2026-09-26,2849.72,52157,1918,50,9999.5
CAMP-008,Watch Launch,TikTok,SKU-401,2026-09-27,2225.2,53869,1986,52,10399.48
CAMP-008,Watch Launch,TikTok,SKU-401,2026-09-28,2121.45,113609,4199,110,21998.9
CAMP-008,Watch Launch,TikTok,SKU-401,2026-09-29,2190.8,50170,1859,49,9799.51
CAMP-008,Watch Launch,TikTok,SKU-401,2026-09-30,2656.76,82456,3063,81,16199.19
CAMP-008,Watch Launch,TikTok,SKU-401,2026-10-01,2790.12,44709,1665,44,8799.56
CAMP-008,Watch Launch,TikTok,SKU-401,2026-10-02,2889.28,82901,3095,82,16399.18
CAMP-008,Watch Launch,TikTok,SKU-401,2026-10-03,2798.35,39330,1472,39,7799.61
CAMP-008,Watch Launch,TikTok,SKU-401,2026-10-04,2528.47,34328,1288,34,6799.66
CAMP-008,Watch Launch,TikTok,SKU-401,2026-10-05,2350.51,37008,1392,37,7399.63
CAMP-008,Watch Launch,TikTok,SKU-401,2026-10-06,2015.17,33495,1263,34,6799.66
CAMP-008,Watch Launch,TikTok,SKU-401,2026-10-07,2527.71,130396,4929,133,26598.67
CAMP-009,Headphones Broad,Meta,SKU-102,2026-09-07,3441.02,227333,2728,40,11999.6
CAMP-009,Headphones Broad,Meta,SKU-102,2026-09-08,2921.81,163580,1961,29,8699.71
CAMP-009,Headphones Broad,Meta,SKU-102,2026-09-09,2812.15,456496,5467,81,24299.19
CAMP-009,Headphones Broad,Meta,SKU-102,2026-09-10,4154.57,379053,4535,67,20099.33
CAMP-009,Headphones Broad,Meta,SKU-102,2026-09-11,3980.91,301874,3608,53,15899.47
CAMP-009,Headphones Broad,Meta,SKU-102,2026-09-12,3183.46,135929,1623,24,7199.76
CAMP-009,Headphones Broad,Meta,SKU-102,2026-09-13,3093.15,133635,1594,23,6899.77
CAMP-009,Headphones Broad,Meta,SKU-102,2026-09-14,3888.3,272994,3253,48,14399.52
CAMP-009,Headphones Broad,Meta,SKU-102,2026-09-15,3031.8,253528,3018,44,13199.56
CAMP-009,Headphones Broad,Meta,SKU-102,2026-09-16,3195.87,279767,3327,49,14699.51
CAMP-009,Headphones Broad,Meta,SKU-102,2026-09-17,3465.31,463720,5509,81,24299.19
CAMP-009,Headphones Broad,Meta,SKU-102,2026-09-18,4070.7,173828,2063,30,8999.7
CAMP-009,Headphones Broad,Meta,SKU-102,2026-09-19,2957.69,200826,2381,35,10499.65
CAMP-009,Headphones Broad,Meta,SKU-102,2026-09-20,3113.86,190222,2253,33,9899.67
CAMP-009,Headphones Broad,Meta,SKU-102,2026-09-21,3407.88,179175,2120,31,9299.69
CAMP-009,Headphones Broad,Meta,SKU-102,2026-09-22,3271.85,215313,2545,37,11099.63
CAMP-009,Headphones Broad,Meta,SKU-102,2026-09-23,3662.17,222306,2625,38,11399.62
CAMP-009,Headphones Broad,Meta,SKU-102,2026-09-24,2961.93,157256,1855,27,8099.73
CAMP-009,Headphones Broad,Meta,SKU-102,2026-09-25,3053.97,163441,1926,28,8399.72
CAMP-009,Headphones Broad,Meta,SKU-102,2026-09-26,3690.83,194444,2289,33,9899.67
CAMP-009,Headphones Broad,Meta,SKU-102,2026-09-27,3390.04,342091,4023,59,17699.41
CAMP-009,Headphones Broad,Meta,SKU-102,2026-09-28,3785.42,190926,2243,32,9599.68
CAMP-009,Headphones Broad,Meta,SKU-102,2026-09-29,4141.08,310241,3641,53,15899.47
CAMP-009,Headphones Broad,Meta,SKU-102,2026-09-30,3307.29,150801,1768,25,7499.75
CAMP-009,Headphones Broad,Meta,SKU-102,2026-10-01,3027.0,195611,2291,33,9899.67
CAMP-009,Headphones Broad,Meta,SKU-102,2026-10-02,3138.18,152564,1785,26,7799.74
CAMP-009,Headphones Broad,Meta,SKU-102,2026-10-03,3866.31,242813,2838,41,12299.59
CAMP-009,Headphones Broad,Meta,SKU-102,2026-10-04,4088.5,295477,3450,50,14999.5
CAMP-009,Headphones Broad,Meta,SKU-102,2026-10-05,3493.49,426440,4974,72,21599.28
CAMP-009,Headphones Broad,Meta,SKU-102,2026-10-06,3049.05,422588,4924,71,21299.29
CAMP-009,Headphones Broad,Meta,SKU-102,2026-10-07,3553.39,176890,2059,29,8699.71
CAMP-010,Tracker Promo,Google,SKU-402,2026-09-07,656.93,14755,664,46,2299.54
CAMP-010,Tracker Promo,Google,SKU-402,2026-09-08,622.02,13328,600,42,2099.58
CAMP-010,Tracker Promo,Google,SKU-402,2026-09-09,527.33,8305,374,26,1299.74
CAMP-010,Tracker Promo,Google,SKU-402,2026-09-10,587.2,8680,391,27,1349.73
CAMP-010,Tracker Promo,Google,SKU-402,2026-09-11,671.45,22392,1009,70,3499.3
CAMP-010,Tracker Promo,Google,SKU-402,2026-09-12,550.8,7454,336,23,1149.77
CAMP-010,Tracker Promo,Google,SKU-402,2026-09-13,595.39,8338,376,26,1299.74
CAMP-010,Tracker Promo,Google,SKU-402,2026-09-14,549.52,7205,325,22,1099.78
CAMP-010,Tracker Promo,Google,SKU-402,2026-09-15,523.59,10106,456,32,1599.68
CAMP-010,Tracker Promo,Google,SKU-402,2026-09-16,524.09,13758,621,43,2149.57
CAMP-010,Tracker Promo,Google,SKU-402,2026-09-17,656.98,11672,527,37,1849.63
CAMP-010,Tracker Promo,Google,SKU-402,2026-09-18,600.57,8524,385,27,1349.73
CAMP-010,Tracker Promo,Google,SKU-402,2026-09-19,719.39,8145,368,25,1249.75
CAMP-010,Tracker Promo,Google,SKU-402,2026-09-20,601.67,14514,656,46,2299.54
CAMP-010,Tracker Promo,Google,SKU-402,2026-09-21,694.12,13160,595,41,2049.59
CAMP-010,Tracker Promo,Google,SKU-402,2026-09-22,614.09,21359,966,67,3349.33
CAMP-010,Tracker Promo,Google,SKU-402,2026-09-23,545.16,6918,313,22,1099.78
CAMP-010,Tracker Promo,Google,SKU-402,2026-09-24,710.72,18097,819,57,2849.43
CAMP-010,Tracker Promo,Google,SKU-402,2026-09-25,604.85,15948,722,50,2499.5
CAMP-010,Tracker Promo,Google,SKU-402,2026-09-26,576.72,7044,319,22,1099.78
CAMP-010,Tracker Promo,Google,SKU-402,2026-09-27,532.41,7969,361,25,1249.75
CAMP-010,Tracker Promo,Google,SKU-402,2026-09-28,645.61,9731,441,31,1549.69
CAMP-010,Tracker Promo,Google,SKU-402,2026-09-29,624.35,24023,1089,76,3799.24
CAMP-010,Tracker Promo,Google,SKU-402,2026-09-30,525.1,8578,389,27,1349.73
CAMP-010,Tracker Promo,Google,SKU-402,2026-10-01,625.3,11000,499,35,1749.65
CAMP-010,Tracker Promo,Google,SKU-402,2026-10-02,624.23,20584,934,65,3249.35
CAMP-010,Tracker Promo,Google,SKU-402,2026-10-03,562.77,15377,698,49,2449.51
CAMP-010,Tracker Promo,Google,SKU-402,2026-10-04,701.18,13016,591,41,2049.59
CAMP-010,Tracker Promo,Google,SKU-402,2026-10-05,590.14,14442,656,46,2299.54
CAMP-010,Tracker Promo,Google,SKU-402,2026-10-06,676.91,25685,1167,82,4099.18
CAMP-010,Tracker Promo,Google,SKU-402,2026-10-07,483.04,10077,458,32,1599.68
