creative_id,campaign_id,type,date,impressions,clicks,conversions
CR-CAMP-001-1,CAMP-001,Video,2026-09-07,469039,5628,140
CR-CAMP-001-1,CAMP-001,Video,2026-09-08,386682,4528,113
CR-CAMP-001-1,CAMP-001,Video,2026-09-09,233944,2673,67
CR-CAMP-001-1,CAMP-001,Video,2026-09-10,97348,1084,27
CR-CAMP-001-1,CAMP-001,Video,2026-09-11,179812,1954,49
CR-CAMP-001-1,CAMP-001,Video,2026-09-12,162731,1724,43
CR-CAMP-001-1,CAMP-001,Video,2026-09-13,100102,1034,25
CR-CAMP-001-1,CAMP-001,Video,2026-09-14,259922,2617,66
CR-CAMP-001-1,CAMP-001,Video,2026-09-15,87247,855,21
CR-CAMP-001-1,CAMP-001,Video,2026-09-16,111614,1065,27
CR-CAMP-001-1,CAMP-001,Video,2026-09-17,138523,1287,33
CR-CAMP-001-1,CAMP-001,Video,2026-09-18,138362,1250,31
CR-CAMP-001-1,CAMP-001,Video,2026-09-19,84310,741,19
CR-CAMP-001-1,CAMP-001,Video,2026-09-20,232543,1988,51
CR-CAMP-001-1,CAMP-001,Video,2026-09-21,161601,1343,34
CR-CAMP-001-1,CAMP-001,Video,2026-09-22,103101,832,21
CR-CAMP-001-1,CAMP-001,Video,2026-09-23,155804,1221,31
CR-CAMP-001-1,CAMP-001,Video,2026-09-24,199416,1518,40
CR-CAMP-001-1,CAMP-001,Video,2026-09-25,103337,763,19
CR-CAMP-001-1,CAMP-001,Video,2026-09-26,110835,793,21
CR-CAMP-001-1,CAMP-001,Video,2026-09-27,309222,2147,57
CR-CAMP-001-1,CAMP-001,Video,2026-09-28,161604,1087,29
CR-CAMP-001-1,CAMP-001,Video,2026-09-29,196314,1279,34
CR-CAMP-001-1,CAMP-001,Video,2026-09-30,139383,879,24
CR-CAMP-001-1,CAMP-001,Video,2026-10-01,254546,1553,42
CR-CAMP-001-1,CAMP-001,Video,2026-10-02,248352,1464,40
CR-CAMP-001-1,CAMP-001,Video,2026-10-03,207543,1183,32
CR-CAMP-001-1,CAMP-001,Video,2026-10-04,160756,884,24
CR-CAMP-001-1,CAMP-001,Video,2026-10-05,90069,478,13
CR-CAMP-001-1,CAMP-001,Video,2026-10-06,141725,726,20
CR-CAMP-001-1,CAMP-001,Video,2026-10-07,309445,1528,43
CR-CAMP-001-2,CAMP-001,Image,2026-09-07,312693,4403,93
CR-CAMP-001-2,CAMP-001,Image,2026-09-08,257788,3591,75
CR-CAMP-001-2,CAMP-001,Image,2026-09-09,155962,2149,44
CR-CAMP-001-2,CAMP-001,Image,2026-09-10,64899,884,18
CR-CAMP-001-2,CAMP-001,Image,2026-09-11,119875,1616,32
CR-CAMP-001-2,CAMP-001,Image,2026-09-12,108487,1446,28
CR-CAMP-001-2,CAMP-001,Image,2026-09-13,66734,879,17
CR-CAMP-001-2,CAMP-001,Image,2026-09-14,173281,2259,44
CR-CAMP-001-2,CAMP-001,Image,2026-09-15,58165,749,14
CR-CAMP-001-2,CAMP-001,Image,2026-09-16,74409,947,18
CR-CAMP-001-2,CAMP-001,Image,2026-09-17,92348,1162,22
CR-CAMP-001-2,CAMP-001,Image,2026-09-18,92241,1147,21
CR-CAMP-001-2,CAMP-001,Image,2026-09-19,56207,691,12
CR-CAMP-001-2,CAMP-001,Image,2026-09-20,155029,1883,34
CR-CAMP-001-2,CAMP-001,Image,2026-09-21,107734,1292,23
CR-CAMP-001-2,CAMP-001,Image,2026-09-22,68734,814,14
CR-CAMP-001-2,CAMP-001,Image,2026-09-23,103869,1215,21
CR-CAMP-001-2,CAMP-001,Image,2026-09-24,132944,1536,26
CR-CAMP-001-2,CAMP-001,Image,2026-09-25,68891,786,13
CR-CAMP-001-2,CAMP-001,Image,2026-09-26,73890,832,14
CR-CAMP-001-2,CAMP-001,Image,2026-09-27,206148,2291,38
CR-CAMP-001-2,CAMP-001,Image,2026-09-28,107736,1181,19
CR-CAMP-001-2,CAMP-001,Image,2026-09-29,130876,1416,22
CR-CAMP-001-2,CAMP-001,Image,2026-09-30,92922,992,16
CR-CAMP-001-2,CAMP-001,Image,2026-10-01,169697,1787,28
CR-CAMP-001-2,CAMP-001,Image,2026-10-02,165568,1719,26
CR-CAMP-001-2,CAMP-001,Image,2026-10-03,138362,1417,21
CR-CAMP-001-2,CAMP-001,Image,2026-10-04,107170,1081,16
CR-CAMP-001-2,CAMP-001,Image,2026-10-05,60046,597,8
CR-CAMP-001-2,CAMP-001,Image,2026-10-06,94483,926,13
CR-CAMP-001-2,CAMP-001,Image,2026-10-07,206297,1993,28
CR-CAMP-002-1,CAMP-002,Video,2026-09-07,38479,1092,57
CR-CAMP-002-1,CAMP-002,Video,2026-09-08,76285,2196,117
CR-CAMP-002-1,CAMP-002,Video,2026-09-09,20160,588,31
CR-CAMP-002-1,CAMP-002,Video,2026-09-10,63846,1890,103
CR-CAMP-002-1,CAMP-002,Video,2026-09-11,21294,639,35
CR-CAMP-002-1,CAMP-002,Video,2026-09-12,29421,895,50
CR-CAMP-002-1,CAMP-002,Video,2026-09-13,39798,1227,70
CR-CAMP-002-1,CAMP-002,Video,2026-09-14,54441,1701,98
CR-CAMP-002-1,CAMP-002,Video,2026-09-15,22536,713,42
CR-CAMP-002-1,CAMP-002,Video,2026-09-16,43572,1397,83
CR-CAMP-002-1,CAMP-002,Video,2026-09-17,23203,753,45
CR-CAMP-002-1,CAMP-002,Video,2026-09-18,25653,844,51
CR-CAMP-002-1,CAMP-002,Video,2026-09-19,44568,1485,91
CR-CAMP-002-1,CAMP-002,Video,2026-09-20,32037,1080,67
CR-CAMP-002-1,CAMP-002,Video,2026-09-21,53968,1843,117
CR-CAMP-002-1,CAMP-002,Video,2026-09-22,28587,988,63
CR-CAMP-002-1,CAMP-002,Video,2026-09-23,51932,1817,118
CR-CAMP-002-1,CAMP-002,Video,2026-09-24,32448,1148,75
CR-CAMP-002-1,CAMP-002,Video,2026-09-25,24240,868,57
CR-CAMP-002-1,CAMP-002,Video,2026-09-26,35187,1275,85
CR-CAMP-002-1,CAMP-002,Video,2026-09-27,44907,1646,112
CR-CAMP-002-1,CAMP-002,Video,2026-09-28,23781,882,60
CR-CAMP-002-1,CAMP-002,Video,2026-09-29,24043,902,63
CR-CAMP-002-1,CAMP-002,Video,2026-09-30,20737,786,55
CR-CAMP-002-1,CAMP-002,Video,2026-10-01,54228,2080,148
CR-CAMP-002-1,CAMP-002,Video,2026-10-02,48643,1886,136
CR-CAMP-002-1,CAMP-002,Video,2026-10-03,21075,826,60
CR-CAMP-002-1,CAMP-002,Video,2026-10-04,43744,1734,127
CR-CAMP-002-1,CAMP-002,Video,2026-10-05,26151,1047,78
CR-CAMP-002-1,CAMP-002,Video,2026-10-06,38685,1566,117
CR-CAMP-002-1,CAMP-002,Video,2026-10-07,59597,2439,185
CR-CAMP-002-2,CAMP-002,Image,2026-09-07,25653,829,38
CR-CAMP-002-2,CAMP-002,Image,2026-09-08,50856,1668,78
CR-CAMP-002-2,CAMP-002,Image,2026-09-09,13440,447,21
CR-CAMP-002-2,CAMP-002,Image,2026-09-10,42564,1436,69
CR-CAMP-002-2,CAMP-002,Image,2026-09-11,14196,485,23
CR-CAMP-002-2,CAMP-002,Image,2026-09-12,19614,680,33
CR-CAMP-002-2,CAMP-002,Image,2026-09-13,26532,932,46
CR-CAMP-002-2,CAMP-002,Image,2026-09-14,36294,1292,65
CR-CAMP-002-2,CAMP-002,Image,2026-09-15,15024,542,28
CR-CAMP-002-2,CAMP-002,Image,2026-09-16,29048,1061,55
CR-CAMP-002-2,CAMP-002,Image,2026-09-17,15468,572,30
CR-CAMP-002-2,CAMP-002,Image,2026-09-18,17102,641,34
CR-CAMP-002-2,CAMP-002,Image,2026-09-19,29712,1128,61
CR-CAMP-002-2,CAMP-002,Image,2026-09-20,21358,821,45
CR-CAMP-002-2,CAMP-002,Image,2026-09-21,35979,1400,78
CR-CAMP-002-2,CAMP-002,Image,2026-09-22,19058,750,42
CR-CAMP-002-2,CAMP-002,Image,2026-09-23,34621,1380,78
CR-CAMP-002-2,CAMP-002,Image,2026-09-24,21632,872,50
CR-CAMP-002-2,CAMP-002,Image,2026-09-25,16160,659,38
CR-CAMP-002-2,CAMP-002,Image,2026-09-26,23458,969,57
CR-CAMP-002-2,CAMP-002,Image,2026-09-27,29938,1251,74
CR-CAMP-002-2,CAMP-002,Image,2026-09-28,15854,670,40
CR-CAMP-002-2,CAMP-002,Image,2026-09-29,16028,685,42
CR-CAMP-002-2,CAMP-002,Image,2026-09-30,13824,597,36
CR-CAMP-002-2,CAMP-002,Image,2026-10-01,36152,1580,98
CR-CAMP-002-2,CAMP-002,Image,2026-10-02,32429,1433,90
CR-CAMP-002-2,CAMP-002,Image,2026-10-03,14050,627,40
CR-CAMP-002-2,CAMP-002,Image,2026-10-04,29163,1317,85
CR-CAMP-002-2,CAMP-002,Image,2026-10-05,17434,796,52
CR-CAMP-002-2,CAMP-002,Image,2026-10-06,25790,1190,78
CR-CAMP-002-2,CAMP-002,Image,2026-10-07,39731,1853,123
CR-CAMP-003-1,CAMP-003,Video,2026-09-07,75150,2828,240
CR-CAMP-003-1,CAMP-003,Video,2026-09-08,45719,1721,146
CR-CAMP-003-1,CAMP-003,Video,2026-09-09,30684,1155,97
CR-CAMP-003-1,CAMP-003,Video,2026-09-10,31618,1191,100
CR-CAMP-003-1,CAMP-003,Video,2026-09-11,71139,2681,228
CR-CAMP-003-1,CAMP-003,Video,2026-09-12,49701,1873,159
CR-CAMP-003-1,CAMP-003,Video,2026-09-13,35763,1348,114
CR-CAMP-003-1,CAMP-003,Video,2026-09-14,25410,958,81
CR-CAMP-003-1,CAMP-003,Video,2026-09-15,24100,909,77
CR-CAMP-003-1,CAMP-003,Video,2026-09-16,22731,858,72
CR-CAMP-003-1,CAMP-003,Video,2026-09-17,33637,1270,108
CR-CAMP-003-1,CAMP-003,Video,2026-09-18,29172,1102,93
CR-CAMP-003-1,CAMP-003,Video,2026-09-19,26593,1004,85
CR-CAMP-003-1,CAMP-003,Video,2026-09-20,23746,897,76
CR-CAMP-003-1,CAMP-003,Video,2026-09-21,37818,1430,121
CR-CAMP-003-1,CAMP-003,Video,2026-09-22,26820,1014,86
CR-CAMP-003-1,CAMP-003,Video,2026-09-23,32660,1235,105
CR-CAMP-003-1,CAMP-003,Video,2026-09-24,29219,1105,94
CR-CAMP-003-1,CAMP-003,Video,2026-09-25,44030,1667,142
CR-CAMP-003-1,CAMP-003,Video,2026-09-26,25786,976,83
CR-CAMP-003-1,CAMP-003,Video,2026-09-27,29175,1105,94
CR-CAMP-003-1,CAMP-003,Video,2026-09-28,85858,3254,278
CR-CAMP-003-1,CAMP-003,Video,2026-09-29,32268,1223,104
CR-CAMP-003-1,CAMP-003,Video,2026-09-30,57042,2163,184
CR-CAMP-003-1,CAMP-003,Video,2026-10-01,74970,2844,243
CR-CAMP-003-1,CAMP-003,Video,2026-10-02,41652,1580,135
CR-CAMP-003-1,CAMP-003,Video,2026-10-03,54056,2052,175
CR-CAMP-003-1,CAMP-003,Video,2026-10-04,62571,2376,203
CR-CAMP-003-1,CAMP-003,Video,2026-10-05,72151,2740,235
CR-CAMP-003-1,CAMP-003,Video,2026-10-06,40468,1537,132
CR-CAMP-003-1,CAMP-003,Video,2026-10-07,22975,873,74
CR-CAMP-003-2,CAMP-003,Image,2026-09-07,50100,2155,160
CR-CAMP-003-2,CAMP-003,Image,2026-09-08,30479,1312,97
CR-CAMP-003-2,CAMP-003,Image,2026-09-09,20456,880,65
CR-CAMP-003-2,CAMP-003,Image,2026-09-10,21078,908,67
CR-CAMP-003-2,CAMP-003,Image,2026-09-11,47426,2043,152
CR-CAMP-003-2,CAMP-003,Image,2026-09-12,33134,1428,106
CR-CAMP-003-2,CAMP-003,Image,2026-09-13,23842,1028,76
CR-CAMP-003-2,CAMP-003,Image,2026-09-14,16940,730,54
CR-CAMP-003-2,CAMP-003,Image,2026-09-15,16066,693,51
CR-CAMP-003-2,CAMP-003,Image,2026-09-16,15154,654,48
CR-CAMP-003-2,CAMP-003,Image,2026-09-17,22425,968,72
CR-CAMP-003-2,CAMP-003,Image,2026-09-18,19448,840,62
CR-CAMP-003-2,CAMP-003,Image,2026-09-19,17728,766,56
CR-CAMP-003-2,CAMP-003,Image,2026-09-20,15831,684,50
CR-CAMP-003-2,CAMP-003,Image,2026-09-21,25212,1090,81
CR-CAMP-003-2,CAMP-003,Image,2026-09-22,17880,773,57
CR-CAMP-003-2,CAMP-003,Image,2026-09-23,21773,942,70
CR-CAMP-003-2,CAMP-003,Image,2026-09-24,19479,843,62
CR-CAMP-003-2,CAMP-003,Image,2026-09-25,29353,1270,94
CR-CAMP-003-2,CAMP-003,Image,2026-09-26,17190,744,55
CR-CAMP-003-2,CAMP-003,Image,2026-09-27,19450,842,62
CR-CAMP-003-2,CAMP-003,Image,2026-09-28,57239,2480,185
CR-CAMP-003-2,CAMP-003,Image,2026-09-29,21512,932,69
CR-CAMP-003-2,CAMP-003,Image,2026-09-30,38028,1649,123
CR-CAMP-003-2,CAMP-003,Image,2026-10-01,49980,2168,162
CR-CAMP-003-2,CAMP-003,Image,2026-10-02,27768,1204,90
CR-CAMP-003-2,CAMP-003,Image,2026-10-03,36037,1564,117
CR-CAMP-003-2,CAMP-003,Image,2026-10-04,41714,1811,135
CR-CAMP-003-2,CAMP-003,Image,2026-10-05,48100,2089,156
CR-CAMP-003-2,CAMP-003,Image,2026-10-06,26979,1172,88
CR-CAMP-003-2,CAMP-003,Image,2026-10-07,15316,665,49
CR-CAMP-004-1,CAMP-004,Video,2026-09-07,38184,944,37
CR-CAMP-004-1,CAMP-004,Video,2026-09-08,15765,390,15
CR-CAMP-004-1,CAMP-004,Video,2026-09-09,44611,1107,44
CR-CAMP-004-1,CAMP-004,Video,2026-09-10,30805,765,30
CR-CAMP-004-1,CAMP-004,Video,2026-09-11,11634,289,11
CR-CAMP-004-1,CAMP-004,Video,2026-09-12,21016,524,21
CR-CAMP-004-1,CAMP-004,Video,2026-09-13,48712,1216,49
CR-CAMP-004-1,CAMP-004,Video,2026-09-14,29298,733,29
CR-CAMP-004-1,CAMP-004,Video,2026-09-15,30670,768,31
CR-CAMP-004-1,CAMP-004,Video,2026-09-16,15700,394,15
CR-CAMP-004-1,CAMP-004,Video,2026-09-17,13384,336,13
CR-CAMP-004-1,CAMP-004,Video,2026-09-18,17652,444,18
CR-CAMP-004-1,CAMP-004,Video,2026-09-19,28800,726,29
CR-CAMP-004-1,CAMP-004,Video,2026-09-20,14775,373,15
CR-CAMP-004-1,CAMP-004,Video,2026-09-21,21435,542,22
CR-CAMP-004-1,CAMP-004,Video,2026-09-22,41209,1044,43
CR-CAMP-004-1,CAMP-004,Video,2026-09-23,12436,315,12
CR-CAMP-004-1,CAMP-004,Video,2026-09-24,15356,390,16
CR-CAMP-004-1,CAMP-004,Video,2026-09-25,12815,326,13
CR-CAMP-004-1,CAMP-004,Video,2026-09-26,22449,572,23
CR-CAMP-004-1,CAMP-004,Video,2026-09-27,15862,405,16
CR-CAMP-004-1,CAMP-004,Video,2026-09-28,19918,509,21
CR-CAMP-004-1,CAMP-004,Video,2026-09-29,10695,274,11
CR-CAMP-004-1,CAMP-004,Video,2026-09-30,24385,626,25
CR-CAMP-004-1,CAMP-004,Video,2026-10-01,12253,315,13
CR-CAMP-004-1,CAMP-004,Video,2026-10-02,10321,265,10
CR-CAMP-004-1,CAMP-004,Video,2026-10-03,45913,1184,49
CR-CAMP-004-1,CAMP-004,Video,2026-10-04,19659,508,21
CR-CAMP-004-1,CAMP-004,Video,2026-10-05,18733,485,20
CR-CAMP-004-1,CAMP-004,Video,2026-10-06,11400,295,12
CR-CAMP-004-1,CAMP-004,Video,2026-10-07,34354,892,37
CR-CAMP-004-2,CAMP-004,Image,2026-09-07,25456,691,25
CR-CAMP-004-2,CAMP-004,Image,2026-09-08,10510,286,10
CR-CAMP-004-2,CAMP-004,Image,2026-09-09,29740,810,29
CR-CAMP-004-2,CAMP-004,Image,2026-09-10,20537,560,20
CR-CAMP-004-2,CAMP-004,Image,2026-09-11,7756,212,7
CR-CAMP-004-2,CAMP-004,Image,2026-09-12,14011,383,14
CR-CAMP-004-2,CAMP-004,Image,2026-09-13,32475,891,32
CR-CAMP-004-2,CAMP-004,Image,2026-09-14,19532,536,19
CR-CAMP-004-2,CAMP-004,Image,2026-09-15,20447,563,20
CR-CAMP-004-2,CAMP-004,Image,2026-09-16,10466,288,10
CR-CAMP-004-2,CAMP-004,Image,2026-09-17,8923,246,9
CR-CAMP-004-2,CAMP-004,Image,2026-09-18,11768,325,12
CR-CAMP-004-2,CAMP-004,Image,2026-09-19,19200,532,19
CR-CAMP-004-2,CAMP-004,Image,2026-09-20,9850,273,10
CR-CAMP-004-2,CAMP-004,Image,2026-09-21,14290,397,14
CR-CAMP-004-2,CAMP-004,Image,2026-09-22,27472,765,28
CR-CAMP-004-2,CAMP-004,Image,2026-09-23,8290,231,8
CR-CAMP-004-2,CAMP-004,Image,2026-09-24,10237,286,10
CR-CAMP-004-2,CAMP-004,Image,2026-09-25,8543,239,8
CR-CAMP-004-2,CAMP-004,Image,2026-09-26,14966,419,15
CR-CAMP-004-2,CAMP-004,Image,2026-09-27,10575,296,11
CR-CAMP-004-2,CAMP-004,Image,2026-09-28,13279,373,14
CR-CAMP-004-2,CAMP-004,Image,2026-09-29,7130,200,7
CR-CAMP-004-2,CAMP-004,Image,2026-09-30,16256,458,17
CR-CAMP-004-2,CAMP-004,Image,2026-10-01,8169,230,8
CR-CAMP-004-2,CAMP-004,Image,2026-10-02,6881,194,7
CR-CAMP-004-2,CAMP-004,Image,2026-10-03,30609,867,33
CR-CAMP-004-2,CAMP-004,Image,2026-10-04,13106,372,14
CR-CAMP-004-2,CAMP-004,Image,2026-10-05,12488,355,13
CR-CAMP-004-2,CAMP-004,Image,2026-10-06,7600,216,8
CR-CAMP-004-2,CAMP-004,Image,2026-10-07,22902,653,25
CR-CAMP-005-1,CAMP-005,Video,2026-09-07,60300,1183,36
CR-CAMP-005-1,CAMP-005,Video,2026-09-08,35640,699,21
CR-CAMP-005-1,CAMP-005,Video,2026-09-09,31800,624,18
CR-CAMP-005-1,CAMP-005,Video,2026-09-10,27210,534,16
CR-CAMP-005-1,CAMP-005,Video,2026-09-11,32190,631,19
CR-CAMP-005-1,CAMP-005,Video,2026-09-12,39390,773,23
CR-CAMP-005-1,CAMP-005,Video,2026-09-13,33300,653,19
CR-CAMP-005-1,CAMP-005,Video,2026-09-14,84540,1659,50
CR-CAMP-005-1,CAMP-005,Video,2026-09-15,40380,792,24
CR-CAMP-005-1,CAMP-005,Video,2026-09-16,22320,438,13
CR-CAMP-005-1,CAMP-005,Video,2026-09-17,26220,514,15
CR-CAMP-005-1,CAMP-005,Video,2026-09-18,21780,427,12
CR-CAMP-005-1,CAMP-005,Video,2026-09-19,48480,951,28
CR-CAMP-005-1,CAMP-005,Video,2026-09-20,36570,717,21
CR-CAMP-005-1,CAMP-005,Video,2026-09-21,47430,931,28
CR-CAMP-005-1,CAMP-005,Video,2026-09-22,47940,941,28
CR-CAMP-005-1,CAMP-005,Video,2026-09-23,42360,831,25
CR-CAMP-005-1,CAMP-005,Video,2026-09-24,30870,606,18
CR-CAMP-005-1,CAMP-005,Video,2026-09-25,39060,766,23
CR-CAMP-005-1,CAMP-005,Video,2026-09-26,37080,727,22
CR-CAMP-005-1,CAMP-005,Video,2026-09-27,28980,568,16
CR-CAMP-005-1,CAMP-005,Video,2026-09-28,20580,404,12
CR-CAMP-005-1,CAMP-005,Video,2026-09-29,54930,1078,32
CR-CAMP-005-1,CAMP-005,Video,2026-09-30,26040,511,15
CR-CAMP-005-1,CAMP-005,Video,2026-10-01,22290,437,13
CR-CAMP-005-1,CAMP-005,Video,2026-10-02,31650,621,18
CR-CAMP-005-1,CAMP-005,Video,2026-10-03,46950,921,27
CR-CAMP-005-1,CAMP-005,Video,2026-10-04,94110,1847,56
CR-CAMP-005-1,CAMP-005,Video,2026-10-05,32040,629,19
CR-CAMP-005-1,CAMP-005,Video,2026-10-06,24540,481,14
CR-CAMP-005-1,CAMP-005,Video,2026-10-07,57570,1130,34
CR-CAMP-005-2,CAMP-005,Image,2026-09-07,40200,752,24
CR-CAMP-005-2,CAMP-005,Image,2026-09-08,23760,444,14
CR-CAMP-005-2,CAMP-005,Image,2026-09-09,21200,396,12
CR-CAMP-005-2,CAMP-005,Image,2026-09-10,18140,339,10
CR-CAMP-005-2,CAMP-005,Image,2026-09-11,21460,401,12
CR-CAMP-005-2,CAMP-005,Image,2026-09-12,26260,491,15
CR-CAMP-005-2,CAMP-005,Image,2026-09-13,22200,415,13
CR-CAMP-005-2,CAMP-005,Image,2026-09-14,56360,1054,33
CR-CAMP-005-2,CAMP-005,Image,2026-09-15,26920,503,16
CR-CAMP-005-2,CAMP-005,Image,2026-09-16,14880,278,8
CR-CAMP-005-2,CAMP-005,Image,2026-09-17,17480,327,10
CR-CAMP-005-2,CAMP-005,Image,2026-09-18,14520,271,8
CR-CAMP-005-2,CAMP-005,Image,2026-09-19,32320,604,19
CR-CAMP-005-2,CAMP-005,Image,2026-09-20,24380,456,14
CR-CAMP-005-2,CAMP-005,Image,2026-09-21,31620,591,18
CR-CAMP-005-2,CAMP-005,Image,2026-09-22,31960,597,18
CR-CAMP-005-2,CAMP-005,Image,2026-09-23,28240,528,16
CR-CAMP-005-2,CAMP-005,Image,2026-09-24,20580,385,12
CR-CAMP-005-2,CAMP-005,Image,2026-09-25,26040,487,15
CR-CAMP-005-2,CAMP-005,Image,2026-09-26,24720,462,14
CR-CAMP-005-2,CAMP-005,Image,2026-09-27,19320,361,11
CR-CAMP-005-2,CAMP-005,Image,2026-09-28,13720,256,8
CR-CAMP-005-2,CAMP-005,Image,2026-09-29,36620,685,21
CR-CAMP-005-2,CAMP-005,Image,2026-09-30,17360,324,10
CR-CAMP-005-2,CAMP-005,Image,2026-10-01,14860,278,8
CR-CAMP-005-2,CAMP-005,Image,2026-10-02,21100,394,12
CR-CAMP-005-2,CAMP-005,Image,2026-10-03,31300,585,18
CR-CAMP-005-2,CAMP-005,Image,2026-10-04,62740,1173,37
CR-CAMP-005-2,CAMP-005,Image,2026-10-05,21360,399,12
CR-CAMP-005-2,CAMP-005,Image,2026-10-06,16360,306,9
CR-CAMP-005-2,CAMP-005,Image,2026-10-07,38380,718,22
CR-CAMP-006-1,CAMP-006,Video,2026-09-07,11040,557,33
CR-CAMP-006-1,CAMP-006,Video,2026-09-08,12207,616,36
CR-CAMP-006-1,CAMP-006,Video,2026-09-09,7264,366,21
CR-CAMP-006-1,CAMP-006,Video,2026-09-10,9597,484,28
CR-CAMP-006-1,CAMP-006,Video,2026-09-11,6199,312,18
CR-CAMP-006-1,CAMP-006,Video,2026-09-12,13498,680,40
CR-CAMP-006-1,CAMP-006,Video,2026-09-13,6480,326,19
CR-CAMP-006-1,CAMP-006,Video,2026-09-14,5689,286,16
CR-CAMP-006-1,CAMP-006,Video,2026-09-15,11346,571,33
CR-CAMP-006-1,CAMP-006,Video,2026-09-16,10014,504,29
CR-CAMP-006-1,CAMP-006,Video,2026-09-17,6477,325,19
CR-CAMP-006-1,CAMP-006,Video,2026-09-18,7395,372,21
CR-CAMP-006-1,CAMP-006,Video,2026-09-19,14108,709,41
CR-CAMP-006-1,CAMP-006,Video,2026-09-20,7062,355,21
CR-CAMP-006-1,CAMP-006,Video,2026-09-21,7354,369,21
CR-CAMP-006-1,CAMP-006,Video,2026-09-22,18475,928,54
CR-CAMP-006-1,CAMP-006,Video,2026-09-23,8698,436,25
CR-CAMP-006-1,CAMP-006,Video,2026-09-24,13890,697,40
CR-CAMP-006-1,CAMP-006,Video,2026-09-25,13786,691,40
CR-CAMP-006-1,CAMP-006,Video,2026-09-26,5035,252,14
CR-CAMP-006-1,CAMP-006,Video,2026-09-27,9253,464,27
CR-CAMP-006-1,CAMP-006,Video,2026-09-28,9389,470,27
CR-CAMP-006-1,CAMP-006,Video,2026-09-29,11895,596,34
CR-CAMP-006-1,CAMP-006,Video,2026-09-30,8343,418,24
CR-CAMP-006-1,CAMP-006,Video,2026-10-01,7451,373,21
CR-CAMP-006-1,CAMP-006,Video,2026-10-02,5699,285,16
CR-CAMP-006-1,CAMP-006,Video,2026-10-03,8509,425,24
CR-CAMP-006-1,CAMP-006,Video,2026-10-04,5170,258,15
CR-CAMP-006-1,CAMP-006,Video,2026-10-05,8890,444,25
CR-CAMP-006-1,CAMP-006,Video,2026-10-06,5476,273,15
CR-CAMP-006-1,CAMP-006,Video,2026-10-07,4714,235,13
CR-CAMP-006-2,CAMP-006,Image,2026-09-07,7360,374,22
CR-CAMP-006-2,CAMP-006,Image,2026-09-08,8138,413,24
CR-CAMP-006-2,CAMP-006,Image,2026-09-09,4843,246,14
CR-CAMP-006-2,CAMP-006,Image,2026-09-10,6398,325,18
CR-CAMP-006-2,CAMP-006,Image,2026-09-11,4133,210,12
CR-CAMP-006-2,CAMP-006,Image,2026-09-12,8998,457,26
CR-CAMP-006-2,CAMP-006,Image,2026-09-13,4320,219,12
CR-CAMP-006-2,CAMP-006,Image,2026-09-14,3792,192,11
CR-CAMP-006-2,CAMP-006,Image,2026-09-15,7564,383,22
CR-CAMP-006-2,CAMP-006,Image,2026-09-16,6676,338,19
CR-CAMP-006-2,CAMP-006,Image,2026-09-17,4318,218,12
CR-CAMP-006-2,CAMP-006,Image,2026-09-18,4930,249,14
CR-CAMP-006-2,CAMP-006,Image,2026-09-19,9405,476,27
CR-CAMP-006-2,CAMP-006,Image,2026-09-20,4708,238,14
CR-CAMP-006-2,CAMP-006,Image,2026-09-21,4902,248,14
CR-CAMP-006-2,CAMP-006,Image,2026-09-22,12317,623,36
CR-CAMP-006-2,CAMP-006,Image,2026-09-23,5798,293,17
CR-CAMP-006-2,CAMP-006,Image,2026-09-24,9260,468,27
CR-CAMP-006-2,CAMP-006,Image,2026-09-25,9190,464,27
CR-CAMP-006-2,CAMP-006,Image,2026-09-26,3357,169,9
CR-CAMP-006-2,CAMP-006,Image,2026-09-27,6168,311,18
CR-CAMP-006-2,CAMP-006,Image,2026-09-28,6259,316,18
CR-CAMP-006-2,CAMP-006,Image,2026-09-29,7930,400,23
CR-CAMP-006-2,CAMP-006,Image,2026-09-30,5562,280,16
CR-CAMP-006-2,CAMP-006,Image,2026-10-01,4967,250,14
CR-CAMP-006-2,CAMP-006,Image,2026-10-02,3799,191,11
CR-CAMP-006-2,CAMP-006,Image,2026-10-03,5672,286,16
CR-CAMP-006-2,CAMP-006,Image,2026-10-04,3446,173,10
CR-CAMP-006-2,CAMP-006,Image,2026-10-05,5927,298,17
CR-CAMP-006-2,CAMP-006,Image,2026-10-06,3651,183,10
CR-CAMP-006-2,CAMP-006,Image,2026-10-07,3143,158,9
CR-CAMP-007-1,CAMP-007,Video,2026-09-07,48199,891,34
CR-CAMP-007-1,CAMP-007,Video,2026-09-08,56562,1046,40
CR-CAMP-007-1,CAMP-007,Video,2026-09-09,52563,973,37
CR-CAMP-007-1,CAMP-007,Video,2026-09-10,49300,913,35
CR-CAMP-007-1,CAMP-007,Video,2026-09-11,40624,753,29
CR-CAMP-007-1,CAMP-007,Video,2026-09-12,34451,639,24
CR-CAMP-007-1,CAMP-007,Video,2026-09-13,26593,493,19
CR-CAMP-007-1,CAMP-007,Video,2026-09-14,61479,1141,44
CR-CAMP-007-1,CAMP-007,Video,2026-09-15,29840,554,21
CR-CAMP-007-1,CAMP-007,Video,2026-09-16,19151,356,13
CR-CAMP-007-1,CAMP-007,Video,2026-09-17,22317,415,16
CR-CAMP-007-1,CAMP-007,Video,2026-09-18,24387,454,17
CR-CAMP-007-1,CAMP-007,Video,2026-09-19,27082,504,19
CR-CAMP-007-1,CAMP-007,Video,2026-09-20,36417,679,26
CR-CAMP-007-1,CAMP-007,Video,2026-09-21,20805,388,15
CR-CAMP-007-1,CAMP-007,Video,2026-09-22,61749,1153,45
CR-CAMP-007-1,CAMP-007,Video,2026-09-23,33772,631,24
CR-CAMP-007-1,CAMP-007,Video,2026-09-24,40836,763,30
CR-CAMP-007-1,CAMP-007,Video,2026-09-25,56389,1055,41
CR-CAMP-007-1,CAMP-007,Video,2026-09-26,35878,671,26
CR-CAMP-007-1,CAMP-007,Video,2026-09-27,53881,1009,39
CR-CAMP-007-1,CAMP-007,Video,2026-09-28,26397,494,19
CR-CAMP-007-1,CAMP-007,Video,2026-09-29,22699,425,16
CR-CAMP-007-1,CAMP-007,Video,2026-09-30,84766,1591,62
CR-CAMP-007-1,CAMP-007,Video,2026-10-01,53969,1013,39
CR-CAMP-007-1,CAMP-007,Video,2026-10-02,45180,849,33
CR-CAMP-007-1,CAMP-007,Video,2026-10-03,25065,471,18
CR-CAMP-007-1,CAMP-007,Video,2026-10-04,56417,1061,42
CR-CAMP-007-1,CAMP-007,Video,2026-10-05,30889,581,22
CR-CAMP-007-1,CAMP-007,Video,2026-10-06,43426,818,32
CR-CAMP-007-1,CAMP-007,Video,2026-10-07,23888,450,17
CR-CAMP-007-2,CAMP-007,Image,2026-09-07,32133,568,22
CR-CAMP-007-2,CAMP-007,Image,2026-09-08,37708,667,26
CR-CAMP-007-2,CAMP-007,Image,2026-09-09,35042,620,25
CR-CAMP-007-2,CAMP-007,Image,2026-09-10,32867,582,23
CR-CAMP-007-2,CAMP-007,Image,2026-09-11,27083,480,19
CR-CAMP-007-2,CAMP-007,Image,2026-09-12,22967,407,16
CR-CAMP-007-2,CAMP-007,Image,2026-09-13,17728,314,12
CR-CAMP-007-2,CAMP-007,Image,2026-09-14,40986,728,29
CR-CAMP-007-2,CAMP-007,Image,2026-09-15,19893,353,14
CR-CAMP-007-2,CAMP-007,Image,2026-09-16,12767,227,9
CR-CAMP-007-2,CAMP-007,Image,2026-09-17,14878,264,10
CR-CAMP-007-2,CAMP-007,Image,2026-09-18,16258,289,11
CR-CAMP-007-2,CAMP-007,Image,2026-09-19,18055,321,13
CR-CAMP-007-2,CAMP-007,Image,2026-09-20,24278,432,17
CR-CAMP-007-2,CAMP-007,Image,2026-09-21,13870,247,10
CR-CAMP-007-2,CAMP-007,Image,2026-09-22,41166,735,30
CR-CAMP-007-2,CAMP-007,Image,2026-09-23,22515,402,16
CR-CAMP-007-2,CAMP-007,Image,2026-09-24,27224,486,20
CR-CAMP-007-2,CAMP-007,Image,2026-09-25,37593,672,27
CR-CAMP-007-2,CAMP-007,Image,2026-09-26,23919,428,17
CR-CAMP-007-2,CAMP-007,Image,2026-09-27,35920,643,26
CR-CAMP-007-2,CAMP-007,Image,2026-09-28,17598,315,12
CR-CAMP-007-2,CAMP-007,Image,2026-09-29,15133,271,11
CR-CAMP-007-2,CAMP-007,Image,2026-09-30,56511,1014,41
CR-CAMP-007-2,CAMP-007,Image,2026-10-01,35979,646,26
CR-CAMP-007-2,CAMP-007,Image,2026-10-02,30120,541,22
CR-CAMP-007-2,CAMP-007,Image,2026-10-03,16710,300,12
CR-CAMP-007-2,CAMP-007,Image,2026-10-04,37611,677,28
CR-CAMP-007-2,CAMP-007,Image,2026-10-05,20593,370,15
CR-CAMP-007-2,CAMP-007,Image,2026-10-06,28951,521,21
CR-CAMP-007-2,CAMP-007,Image,2026-10-07,15925,287,11
CR-CAMP-008-1,CAMP-008,Video,2026-09-07,26108,831,22
CR-CAMP-008-1,CAMP-008,Video,2026-09-08,33613,1073,29
CR-CAMP-008-1,CAMP-008,Video,2026-09-09,33694,1078,29
CR-CAMP-008-1,CAMP-008,Video,2026-09-10,24404,783,21
CR-CAMP-008-1,CAMP-008,Video,2026-09-11,30294,974,27
CR-CAMP-008-1,CAMP-008,Video,2026-09-12,24783,799,22
CR-CAMP-008-1,CAMP-008,Video,2026-09-13,32463,1050,28
CR-CAMP-008-1,CAMP-008,Video,2026-09-14,22617,733,20
CR-CAMP-008-1,CAMP-008,Video,2026-09-15,40283,1309,36
CR-CAMP-008-1,CAMP-008,Video,2026-09-16,27723,903,25
CR-CAMP-008-1,CAMP-008,Video,2026-09-17,51846,1694,47
CR-CAMP-008-1,CAMP-008,Video,2026-09-18,46248,1515,42
CR-CAMP-008-1,CAMP-008,Video,2026-09-19,46827,1538,43
CR-CAMP-008-1,CAMP-008,Video,2026-09-20,32159,1059,30
CR-CAMP-008-1,CAMP-008,Video,2026-09-21,26523,876,24
CR-CAMP-008-1,CAMP-008,Video,2026-09-22,31318,1037,29
CR-CAMP-008-1,CAMP-008,Video,2026-09-23,42632,1415,40
CR-CAMP-008-1,CAMP-008,Video,2026-09-24,25533,849,24
CR-CAMP-008-1,CAMP-008,Video,2026-09-25,26826,895,25
CR-CAMP-008-1,CAMP-008,Video,2026-09-26,31294,1046,30
CR-CAMP-008-1,CAMP-008,Video,2026-09-27,32321,1084,31
CR-CAMP-008-1,CAMP-008,Video,2026-09-28,68165,2291,66
CR-CAMP-008-1,CAMP-008,Video,2026-09-29,30102,1014,29
CR-CAMP-008-1,CAMP-008,Video,2026-09-30,49473,1671,48
CR-CAMP-008-1,CAMP-008,Video,2026-10-01,26825,908,26
CR-CAMP-008-1,CAMP-008,Video,2026-10-02,49740,1689,49
CR-CAMP-008-1,CAMP-008,Video,2026-10-03,23598,803,23
CR-CAMP-008-1,CAMP-008,Video,2026-10-04,20596,703,20
CR-CAMP-008-1,CAMP-008,Video,2026-10-05,22204,759,22
CR-CAMP-008-1,CAMP-008,Video,2026-10-06,20097,689,20
CR-CAMP-008-1,CAMP-008,Video,2026-10-07,78237,2690,79
CR-CAMP-008-2,CAMP-008,Image,2026-09-07,17405,624,15
CR-CAMP-008-2,CAMP-008,Image,2026-09-08,22408,806,19
CR-CAMP-008-2,CAMP-008,Image,2026-09-09,22462,810,19
CR-CAMP-008-2,CAMP-008,Image,2026-09-10,16269,588,14
CR-CAMP-008-2,CAMP-008,Image,2026-09-11,20196,732,18
CR-CAMP-008-2,CAMP-008,Image,2026-09-12,16522,600,14
CR-CAMP-008-2,CAMP-008,Image,2026-09-13,21642,789,19
CR-CAMP-008-2,CAMP-008,Image,2026-09-14,15078,551,13
CR-CAMP-008-2,CAMP-008,Image,2026-09-15,26855,984,24
CR-CAMP-008-2,CAMP-008,Image,2026-09-16,18482,679,16
CR-CAMP-008-2,CAMP-008,Image,2026-09-17,34564,1273,31
CR-CAMP-008-2,CAMP-008,Image,2026-09-18,30832,1138,28
CR-CAMP-008-2,CAMP-008,Image,2026-09-19,31218,1156,28
CR-CAMP-008-2,CAMP-008,Image,2026-09-20,21439,796,20
CR-CAMP-008-2,CAMP-008,Image,2026-09-21,17682,658,16
CR-CAMP-008-2,CAMP-008,Image,2026-09-22,20878,779,19
CR-CAMP-008-2,CAMP-008,Image,2026-09-23,28421,1063,26
CR-CAMP-008-2,CAMP-008,Image,2026-09-24,17022,638,16
CR-CAMP-008-2,CAMP-008,Image,2026-09-25,17884,672,16
CR-CAMP-008-2,CAMP-008,Image,2026-09-26,20862,786,20
CR-CAMP-008-2,CAMP-008,Image,2026-09-27,21547,814,20
CR-CAMP-008-2,CAMP-008,Image,2026-09-28,45443,1722,44
CR-CAMP-008-2,CAMP-008,Image,2026-09-29,20068,762,19
CR-CAMP-008-2,CAMP-008,Image,2026-09-30,32982,1256,32
CR-CAMP-008-2,CAMP-008,Image,2026-10-01,17883,682,17
CR-CAMP-008-2,CAMP-008,Image,2026-10-02,33160,1269,32
CR-CAMP-008-2,CAMP-008,Image,2026-10-03,15732,603,15
CR-CAMP-008-2,CAMP-008,Image,2026-10-04,13731,528,13
CR-CAMP-008-2,CAMP-008,Image,2026-10-05,14803,570,14
CR-CAMP-008-2,CAMP-008,Image,2026-10-06,13398,518,13
CR-CAMP-008-2,CAMP-008,Image,2026-10-07,52158,2021,53
CR-CAMP-009-1,CAMP-009,Video,2026-09-07,136399,1778,24
CR-CAMP-009-1,CAMP-009,Video,2026-09-08,98148,1278,17
CR-CAMP-009-1,CAMP-009,Video,2026-09-09,273897,3564,48
CR-CAMP-009-1,CAMP-009,Video,2026-09-10,227431,2956,40
CR-CAMP-009-1,CAMP-009,Video,2026-09-11,181124,2352,31
CR-CAMP-009-1,CAMP-009,Video,2026-09-12,81557,1058,14
CR-CAMP-009-1,CAMP-009,Video,2026-09-13,80181,1039,13
CR-CAMP-009-1,CAMP-009,Video,2026-09-14,163796,2120,28
CR-CAMP-009-1,CAMP-009,Video,2026-09-15,152116,1967,26
CR-CAMP-009-1,CAMP-009,Video,2026-09-16,167860,2169,29
CR-CAMP-009-1,CAMP-009,Video,2026-09-17,278232,3591,48
CR-CAMP-009-1,CAMP-009,Video,2026-09-18,104296,1345,18
CR-CAMP-009-1,CAMP-009,Video,2026-09-19,120495,1552,21
CR-CAMP-009-1,CAMP-009,Video,2026-09-20,114133,1468,19
CR-CAMP-009-1,CAMP-009,Video,2026-09-21,107505,1382,18
CR-CAMP-009-1,CAMP-009,Video,2026-09-22,129187,1659,22
CR-CAMP-009-1,CAMP-009,Video,2026-09-23,133383,1711,22
CR-CAMP-009-1,CAMP-009,Video,2026-09-24,94353,1209,16
CR-CAMP-009-1,CAMP-009,Video,2026-09-25,98064,1255,16
CR-CAMP-009-1,CAMP-009,Video,2026-09-26,116666,1492,19
CR-CAMP-009-1,CAMP-009,Video,2026-09-27,205254,2622,35
CR-CAMP-009-1,CAMP-009,Video,2026-09-28,114555,1462,19
CR-CAMP-009-1,CAMP-009,Video,2026-09-29,186144,2373,31
CR-CAMP-009-1,CAMP-009,Video,2026-09-30,90480,1152,15
CR-CAMP-009-1,CAMP-009,Video,2026-10-01,117366,1493,19
CR-CAMP-009-1,CAMP-009,Video,2026-10-02,91538,1163,15
CR-CAMP-009-1,CAMP-009,Video,2026-10-03,145687,1850,24
CR-CAMP-009-1,CAMP-009,Video,2026-10-04,177286,2249,30
CR-CAMP-009-1,CAMP-009,Video,2026-10-05,255864,3242,43
CR-CAMP-009-1,CAMP-009,Video,2026-10-06,253552,3210,42
CR-CAMP-009-1,CAMP-009,Video,2026-10-07,106134,1342,17
CR-CAMP-009-2,CAMP-009,Image,2026-09-07,90933,1191,16
CR-CAMP-009-2,CAMP-009,Image,2026-09-08,65432,856,11
CR-CAMP-009-2,CAMP-009,Image,2026-09-09,182598,2386,32
CR-CAMP-009-2,CAMP-009,Image,2026-09-10,151621,1980,26
CR-CAMP-009-2,CAMP-009,Image,2026-09-11,120749,1575,21
CR-CAMP-009-2,CAMP-009,Image,2026-09-12,54371,708,9
CR-CAMP-009-2,CAMP-009,Image,2026-09-13,53454,695,9
CR-CAMP-009-2,CAMP-009,Image,2026-09-14,109197,1420,19
CR-CAMP-009-2,CAMP-009,Image,2026-09-15,101411,1317,17
CR-CAMP-009-2,CAMP-009,Image,2026-09-16,111906,1452,19
CR-CAMP-009-2,CAMP-009,Image,2026-09-17,185488,2405,32
CR-CAMP-009-2,CAMP-009,Image,2026-09-18,69531,900,12
CR-CAMP-009-2,CAMP-009,Image,2026-09-19,80330,1039,14
CR-CAMP-009-2,CAMP-009,Image,2026-09-20,76088,983,13
CR-CAMP-009-2,CAMP-009,Image,2026-09-21,71670,925,12
CR-CAMP-009-2,CAMP-009,Image,2026-09-22,86125,1111,14
CR-CAMP-009-2,CAMP-009,Image,2026-09-23,88922,1146,15
CR-CAMP-009-2,CAMP-009,Image,2026-09-24,62902,809,10
CR-CAMP-009-2,CAMP-009,Image,2026-09-25,65376,840,11
CR-CAMP-009-2,CAMP-009,Image,2026-09-26,77777,999,13
CR-CAMP-009-2,CAMP-009,Image,2026-09-27,136836,1756,23
CR-CAMP-009-2,CAMP-009,Image,2026-09-28,76370,979,12
CR-CAMP-009-2,CAMP-009,Image,2026-09-29,124096,1589,21
CR-CAMP-009-2,CAMP-009,Image,2026-09-30,60320,771,10
CR-CAMP-009-2,CAMP-009,Image,2026-10-01,78244,1000,13
CR-CAMP-009-2,CAMP-009,Image,2026-10-02,61025,779,10
CR-CAMP-009-2,CAMP-009,Image,2026-10-03,97125,1239,16
CR-CAMP-009-2,CAMP-009,Image,2026-10-04,118190,1506,20
CR-CAMP-009-2,CAMP-009,Image,2026-10-05,170576,2171,28
CR-CAMP-009-2,CAMP-009,Image,2026-10-06,169035,2149,28
CR-CAMP-009-2,CAMP-009,Image,2026-10-07,70756,898,11
CR-CAMP-010-1,CAMP-010,Video,2026-09-07,8853,406,27
CR-CAMP-010-1,CAMP-010,Video,2026-09-08,7996,366,25
CR-CAMP-010-1,CAMP-010,Video,2026-09-09,4983,228,15
CR-CAMP-010-1,CAMP-010,Video,2026-09-10,5208,239,16
CR-CAMP-010-1,CAMP-010,Video,2026-09-11,13435,617,42
CR-CAMP-010-1,CAMP-010,Video,2026-09-12,4472,205,13
CR-CAMP-010-1,CAMP-010,Video,2026-09-13,5002,229,15
CR-CAMP-010-1,CAMP-010,Video,2026-09-14,4323,198,13
CR-CAMP-010-1,CAMP-010,Video,2026-09-15,6063,278,19
CR-CAMP-010-1,CAMP-010,Video,2026-09-16,8254,379,25
CR-CAMP-010-1,CAMP-010,Video,2026-09-17,7003,322,22
CR-CAMP-010-1,CAMP-010,Video,2026-09-18,5114,235,16
CR-CAMP-010-1,CAMP-010,Video,2026-09-19,4887,225,15
CR-CAMP-010-1,CAMP-010,Video,2026-09-20,8708,401,27
CR-CAMP-010-1,CAMP-010,Video,2026-09-21,7896,363,24
CR-CAMP-010-1,CAMP-010,Video,2026-09-22,12815,590,40
CR-CAMP-010-1,CAMP-010,Video,2026-09-23,4150,191,13
CR-CAMP-010-1,CAMP-010,Video,2026-09-24,10858,500,34
CR-CAMP-010-1,CAMP-010,Video,2026-09-25,9568,441,30
CR-CAMP-010-1,CAMP-010,Video,2026-09-26,4226,195,13
CR-CAMP-010-1,CAMP-010,Video,2026-09-27,4781,220,15
CR-CAMP-010-1,CAMP-010,Video,2026-09-28,5838,269,18
CR-CAMP-010-1,CAMP-010,Video,2026-09-29,14413,666,45
CR-CAMP-010-1,CAMP-010,Video,2026-09-30,5146,237,16
CR-CAMP-010-1,CAMP-010,Video,2026-10-01,6600,305,21
CR-CAMP-010-1,CAMP-010,Video,2026-10-02,12350,571,39
CR-CAMP-010-1,CAMP-010,Video,2026-10-03,9226,426,29
CR-CAMP-010-1,CAMP-010,Video,2026-10-04,7809,361,24
CR-CAMP-010-1,CAMP-010,Video,2026-10-05,8665,401,27
CR-CAMP-010-1,CAMP-010,Video,2026-10-06,15411,713,49
CR-CAMP-010-1,CAMP-010,Video,2026-10-07,6046,280,19
CR-CAMP-010-2,CAMP-010,Image,2026-09-07,5902,240,18
CR-CAMP-010-2,CAMP-010,Image,2026-09-08,5331,216,16
CR-CAMP-010-2,CAMP-010,Image,2026-09-09,3322,135,10
CR-CAMP-010-2,CAMP-010,Image,2026-09-10,3472,141,10
CR-CAMP-010-2,CAMP-010,Image,2026-09-11,8956,364,28
CR-CAMP-010-2,CAMP-010,Image,2026-09-12,2981,121,9
CR-CAMP-010-2,CAMP-010,Image,2026-09-13,3335,135,10
CR-CAMP-010-2,CAMP-010,Image,2026-09-14,2882,117,8
CR-CAMP-010-2,CAMP-010,Image,2026-09-15,4042,164,12
CR-CAMP-010-2,CAMP-010,Image,2026-09-16,5503,224,17
CR-CAMP-010-2,CAMP-010,Image,2026-09-17,4668,190,14
CR-CAMP-010-2,CAMP-010,Image,2026-09-18,3409,139,10
CR-CAMP-010-2,CAMP-010,Image,2026-09-19,3258,133,10
CR-CAMP-010-2,CAMP-010,Image,2026-09-20,5805,237,18
CR-CAMP-010-2,CAMP-010,Image,2026-09-21,5264,215,16
CR-CAMP-010-2,CAMP-010,Image,2026-09-22,8543,349,26
CR-CAMP-010-2,CAMP-010,Image,2026-09-23,2767,113,8
CR-CAMP-010-2,CAMP-010,Image,2026-09-24,7238,296,22
CR-CAMP-010-2,CAMP-010,Image,2026-09-25,6379,261,20
CR-CAMP-010-2,CAMP-010,Image,2026-09-26,2817,115,8
CR-CAMP-010-2,CAMP-010,Image,2026-09-27,3187,130,10
CR-CAMP-010-2,CAMP-010,Image,2026-09-28,3892,159,12
CR-CAMP-010-2,CAMP-010,Image,2026-09-29,9609,393,30
CR-CAMP-010-2,CAMP-010,Image,2026-09-30,3431,140,10
CR-CAMP-010-2,CAMP-010,Image,2026-10-01,4400,180,14
CR-CAMP-010-2,CAMP-010,Image,2026-10-02,8233,337,26
CR-CAMP-010-2,CAMP-010,Image,2026-10-03,6150,252,19
CR-CAMP-010-2,CAMP-010,Image,2026-10-04,5206,213,16
CR-CAMP-010-2,CAMP-010,Image,2026-10-05,5776,237,18
CR-CAMP-010-2,CAMP-010,Image,2026-10-06,10274,421,32
CR-CAMP-010-2,CAMP-010,Image,2026-10-07,4030,165,12
